{
  "textures": {
    "0": "iceandfire:block/jar_side",
    "1": "iceandfire:block/jar_bottom",
    "2": "block/oak_planks",
    "particle": "block/glass"
  },
  "elements": [
    {
      "name": "jar",
      "from": [
        3.0,
        0.0,
        3.0
      ],
      "to": [
        13.0,
        15.0,
        13.0
      ],
      "faces": {
        "north": {
          "texture": "#0",
          "uv": [
            3.0,
            1.0,
            13.0,
            16.0
          ]
        },
        "east": {
          "texture": "#0",
          "uv": [
            3.0,
            1.0,
            13.0,
            16.0
          ]
        },
        "south": {
          "texture": "#0",
          "uv": [
            3.0,
            1.0,
            13.0,
            16.0
          ]
        },
        "west": {
          "texture": "#0",
          "uv": [
            3.0,
            1.0,
            13.0,
            16.0
          ]
        },
        "up": {
          "texture": "#1",
          "uv": [
            3.0,
            3.0,
            13.0,
            13.0
          ]
        },
        "down": {
          "texture": "#1",
          "uv": [
            3.0,
            3.0,
            13.0,
            13.0
          ]
        }
      }
    },
    {
      "name": "lid",
      "from": [
        4.0,
        15.0,
        4.0
      ],
      "to": [
        12.0,
        16.0,
        12.0
      ],
      "faces": {
        "north": {
          "texture": "#2",
          "uv": [
            8.0,
            2.0,
            0.0,
            3.0
          ]
        },
        "east": {
          "texture": "#2",
          "uv": [
            8.0,
            2.0,
            16.0,
            3.0
          ]
        },
        "south": {
          "texture": "#2",
          "uv": [
            0.0,
            1.0,
            8.0,
            2.0
          ]
        },
        "west": {
          "texture": "#2",
          "uv": [
            8.0,
            1.0,
            16.0,
            2.0
          ]
        },
        "up": {
          "texture": "#2",
          "uv": [
            4.0,
            2.0,
            12.0,
            10.0
          ]
        },
        "down": {
          "texture": "#2",
          "uv": [
            4.0,
            2.0,
            12.0,
            10.0
          ]
        }
      }
    }
  ]
}