{
  "textures": {
    "0": "iceandfire:block/lectern",
    "1": "iceandfire:block/lectern_top",
    "2": "iceandfire:block/lectern_side",
    "particle": "iceandfire:block/lectern"
  },
  "elements": [
    {
      "name": "bottom",
      "from": [
        3.0,
        0.0,
        3.0
      ],
      "to": [
        13.0,
        2.0,
        13.0
      ],
      "faces": {
        "north": {
          "texture": "#0",
          "uv": [
            3.0,
            14.0,
            13.0,
            16.0
          ]
        },
        "east": {
          "texture": "#0",
          "uv": [
            3.0,
            14.0,
            13.0,
            16.0
          ]
        },
        "south": {
          "texture": "#0",
          "uv": [
            3.0,
            14.0,
            13.0,
            16.0
          ]
        },
        "west": {
          "texture": "#0",
          "uv": [
            3.0,
            14.0,
            13.0,
            16.0
          ]
        },
        "up": {
          "texture": "#1",
          "uv": [
            3.0,
            3.0,
            13.0,
            13.0
          ]
        },
        "down": {
          "texture": "#1",
          "uv": [
            3.0,
            3.0,
            13.0,
            13.0
          ]
        }
      }
    },
    {
      "name": "main",
      "from": [
        4.0,
        2.0,
        4.0
      ],
      "to": [
        12.0,
        15.0,
        11.0
      ],
      "faces": {
        "north": {
          "texture": "#0",
          "uv": [
            4.0,
            1.0,
            12.0,
            14.0
          ]
        },
        "east": {
          "texture": "#2",
          "uv": [
            4.0,
            1.0,
            11.0,
            14.0
          ]
        },
        "south": {
          "texture": "#0",
          "uv": [
            4.0,
            1.0,
            12.0,
            14.0
          ]
        },
        "west": {
          "texture": "#2",
          "uv": [
            4.0,
            1.0,
            11.0,
            14.0
          ]
        },
        "up": {
          "texture": "#0",
          "uv": [
            4.0,
            0.0,
            12.0,
            7.0
          ]
        },
        "down": {
          "texture": "#0",
          "uv": [
            4.0,
            0.0,
            12.0,
            7.0
          ]
        }
      }
    },
    {
      "name": "top",
      "from": [
        2.0,
        15.0,
        2.0
      ],
      "to": [
        14.0,
        17.0,
        14.0
      ],
      "rotation": {
        "origin": [
          8.0,
          16.0,
          8.0
        ],
        "axis": "x",
        "angle": 22.5
      },
      "faces": {
        "north": {
          "texture": "#1",
          "uv": [
            2.0,
            13.0,
            14.0,
            15.0
          ]
        },
        "east": {
          "texture": "#1",
          "uv": [
            2.0,
            13.0,
            13.0,
            15.0
          ]
        },
        "south": {
          "texture": "#1",
          "uv": [
            2.0,
            13.0,
            14.0,
            15.0
          ]
        },
        "west": {
          "texture": "#1",
          "uv": [
            2.0,
            13.0,
            14.0,
            15.0
          ]
        },
        "up": {
          "texture": "#1",
          "uv": [
            2.0,
            2.0,
            14.0,
            14.0
          ]
        },
        "down": {
          "texture": "#1",
          "uv": [
            2.0,
            3.0,
            14.0,
            15.0
          ]
        }
      }
    },
    {
      "name": "support",
      "from": [
        4.0,
        15.0,
        4.0
      ],
      "to": [
        12.0,
        17.0,
        8.0
      ],
      "faces": {
        "north": {
          "texture": "#0",
          "uv": [
            4.0,
            14.0,
            12.0,
            16.0
          ],
          "rotation": 180
        },
        "east": {
          "texture": "#2",
          "uv": [
            8.0,
            14.0,
            12.0,
            16.0
          ],
          "rotation": 180
        },
        "south": {
          "texture": "#0",
          "uv": [
            4.0,
            14.0,
            12.0,
            16.0
          ],
          "rotation": 180
        },
        "west": {
          "texture": "#2",
          "uv": [
            2.0,
            14.0,
            6.0,
            16.0
          ],
          "rotation": 180
        },
        "up": {
          "texture": "#0",
          "uv": [
            4.0,
            12.0,
            12.0,
            16.0
          ]
        },
        "down": {
          "texture": "#0",
          "uv": [
            4.0,
            12.0,
            12.0,
            16.0
          ]
        }
      }
    }
  ]
}