{
  "parent": "block/cube",
  "textures": {
    "particle": "iceandfire:block/myrmex_desert_resin_glass_all",
    "down": "iceandfire:block/myrmex_desert_resin_glass_blank",
    "up": "iceandfire:block/myrmex_desert_resin_glass_blank",
    "north": "iceandfire:block/myrmex_desert_resin_glass_up",
    "east": "iceandfire:block/myrmex_desert_resin_glass_up",
    "south": "iceandfire:block/myrmex_desert_resin_glass_up",
    "west": "iceandfire:block/myrmex_desert_resin_glass_up"
  }
}

