{
  "textures": {
    "0": "block/oak_planks",
    "particle": "block/oak_planks"
  },
  "elements": [
    {
      "name": "bottom",
      "from": [
        2.0,
        0.0,
        2.0
      ],
      "to": [
        14.0,
        3.0,
        14.0
      ],
      "faces": {
        "north": {
          "texture": "#0",
          "uv": [
            2.0,
            13.0,
            14.0,
            16.0
          ]
        },
        "east": {
          "texture": "#0",
          "uv": [
            2.0,
            13.0,
            14.0,
            16.0
          ]
        },
        "south": {
          "texture": "#0",
          "uv": [
            2.0,
            13.0,
            14.0,
            16.0
          ]
        },
        "west": {
          "texture": "#0",
          "uv": [
            2.0,
            13.0,
            14.0,
            16.0
          ]
        },
        "up": {
          "texture": "#0",
          "uv": [
            2.0,
            2.0,
            14.0,
            14.0
          ]
        },
        "down": {
          "texture": "#0",
          "uv": [
            2.0,
            2.0,
            14.0,
            14.0
          ]
        }
      }
    },
    {
      "name": "base1",
      "from": [
        4.0,
        3.0,
        4.0
      ],
      "to": [
        12.0,
        9.0,
        12.0
      ],
      "faces": {
        "north": {
          "texture": "#0",
          "uv": [
            0.0,
            9.0,
            8.0,
            15.0
          ]
        },
        "east": {
          "texture": "#0",
          "uv": [
            0.0,
            9.0,
            8.0,
            15.0
          ]
        },
        "south": {
          "texture": "#0",
          "uv": [
            0.0,
            9.0,
            8.0,
            15.0
          ]
        },
        "west": {
          "texture": "#0",
          "uv": [
            0.0,
            9.0,
            8.0,
            15.0
          ]
        },
        "up": {
          "texture": "#0",
          "uv": [
            1.0,
            5.0,
            9.0,
            13.0
          ]
        },
        "down": {
          "texture": "#0",
          "uv": [
            1.0,
            5.0,
            9.0,
            13.0
          ]
        }
      }
    },
    {
      "name": "base2",
      "from": [
        4.5,
        9.0,
        4.5
      ],
      "to": [
        11.5,
        15.0,
        11.5
      ],
      "faces": {
        "north": {
          "texture": "#0",
          "uv": [
            0.0,
            3.0,
            7.0,
            9.0
          ]
        },
        "east": {
          "texture": "#0",
          "uv": [
            0.0,
            3.0,
            7.0,
            9.0
          ]
        },
        "south": {
          "texture": "#0",
          "uv": [
            0.0,
            3.0,
            7.0,
            9.0
          ]
        },
        "west": {
          "texture": "#0",
          "uv": [
            0.0,
            3.0,
            7.0,
            9.0
          ]
        },
        "up": {
          "texture": "#0",
          "uv": [
            4.0,
            4.0,
            11.0,
            11.0
          ]
        },
        "down": {
          "texture": "#0",
          "uv": [
            4.0,
            4.0,
            11.0,
            11.0
          ]
        }
      }
    },
    {
      "name": "base3",
      "from": [
        4.0,
        15.0,
        4.0
      ],
      "to": [
        12.0,
        20.0,
        12.0
      ],
      "faces": {
        "north": {
          "texture": "#0",
          "uv": [
            1.0,
            6.0,
            9.0,
            11.0
          ]
        },
        "east": {
          "texture": "#0",
          "uv": [
            1.0,
            6.0,
            9.0,
            11.0
          ]
        },
        "south": {
          "texture": "#0",
          "uv": [
            1.0,
            6.0,
            9.0,
            11.0
          ]
        },
        "west": {
          "texture": "#0",
          "uv": [
            1.0,
            6.0,
            9.0,
            11.0
          ]
        },
        "up": {
          "texture": "#0",
          "uv": [
            4.0,
            2.0,
            12.0,
            10.0
          ]
        },
        "down": {
          "texture": "#0",
          "uv": [
            4.0,
            2.0,
            12.0,
            10.0
          ]
        }
      }
    },
    {
      "name": "top",
      "from": [
        2.5,
        20.0,
        2.5
      ],
      "to": [
        13.5,
        23.0,
        13.5
      ],
      "faces": {
        "north": {
          "texture": "#0",
          "uv": [
            5.0,
            2.0,
            16.0,
            5.0
          ]
        },
        "east": {
          "texture": "#0",
          "uv": [
            5.0,
            2.0,
            16.0,
            5.0
          ]
        },
        "south": {
          "texture": "#0",
          "uv": [
            5.0,
            2.0,
            16.0,
            5.0
          ]
        },
        "west": {
          "texture": "#0",
          "uv": [
            5.0,
            2.0,
            16.0,
            5.0
          ]
        },
        "up": {
          "texture": "#0",
          "uv": [
            5.0,
            0.0,
            16.0,
            11.0
          ]
        },
        "down": {
          "texture": "#0",
          "uv": [
            5.0,
            0.0,
            16.0,
            11.0
          ]
        }
      }
    }
  ]
}