{
  "parent": "builtin/entity",
  "display": {
    "gui": {
      "rotation": [
        180,
        45,
        45
      ],
      "translation": [
        -0,
        -0.1,
        0
      ],
      "scale": [
        0.8,
        0.8,
        0.8
      ]
    },
    "ground": {
      "rotation": [
        180,
        0,
        0
      ],
      "translation": [
        0,
        3,
        0
      ],
      "scale": [
        0.25,
        0.25,
        0.25
      ]
    },
    "head": {
      "rotation": [
        180,
        180,
        0
      ],
      "translation": [
        0,
        0,
        0
      ],
      "scale": [
        1.2,
        1.2,
        1.2
      ]
    },
    "fixed": {
      "rotation": [
        180,
        90,
        0
      ],
      "translation": [
        0,
        -2,
        0
      ],
      "scale": [
        0.4,
        0.4,
        0.4
      ]
    },
    "thirdperson_righthand": {
      "rotation": [
        180,
        180,
        0
      ],
      "translation": [
        0,
        -2,
        0
      ],
      "scale": [
        0.8,
        0.8,
        0.8
      ]
    },
    "firstperson_righthand": {
      "rotation": [
        200,
        160,
        0
      ],
      "translation": [
        0,
        -1,
        5
      ],
      "scale": [
        0.7,
        0.7,
        0.7
      ]
    }
  }
}
